use iaao_surveys
go

INSERT INTO questionnaire
    ([questionnaire_id], [questionnaire_name])
VALUES
    (1, 'ratio_study'),
    (2, 'PTAPP'),
    (3, 'GIS')
;
    
INSERT INTO jurisdictions
    ([jurisdiction_id], [jurisdiction_name], [jurisdiction_description], [jurisdiction_country], [jurisdiction_type])
VALUES
    (1001, 'Alabama', 'Department of Revenue Property Tax Division', 'USA', 'State'),
    (1002, 'Alaska', 'State of Alaska, Assessor', 'USA', 'State'),
    (1003, 'Arizona', 'Arizona Department of Revenue', 'USA', 'State'),
    (1004, 'Arkansas', 'Arkansas Assessment Coordination Department (ACD)', 'USA', 'State'),
    (1005, 'California', 'California State Board of Equalization', 'USA', 'State'),
    (1006, 'Colorado', 'Colorado Department of Local Affairs', 'USA', 'State'),
    (1007, 'Connecticut', 'Connecticut Office of Policy and Management', 'USA', 'State'),
    (1008, 'Delaware', 'Sussex County', 'USA', 'County'),
    (1009, 'Florida', 'Florida Department of Revenue', 'USA', 'State'),
    (1010, 'Georgia', 'GA Department of Revenue', 'USA', 'State'),
    (1011, 'Hawaii', 'County of Maui', 'USA', 'County'),
    (1012, 'Hawaii', 'County of Kauai', 'USA', 'County'),
    (1013, 'Idaho', 'Idaho State Tax Commission', 'USA', 'State')
;

INSERT INTO questions
    ([questionnaire_id], [year], [question_id], [question_num], [question_desc])
VALUES
    (2, 2017, 1, 1, 'Full Contact Information'),
    (2, 2017, 2, 2, 'Job Title'),
    (2, 2017, 3, 3, 'Agency/Division Web Site Address'),
    (2, 2017, 4, 4, 'How has the number of assigned staff positions currently budgeted in the property tax division of your agency changed since 2012?'),
    (2, 2017, 5, 5, 'What are the roles and authorities of your agency?'),
    (2, 2017, 6, 6, 'How many real property parcels are assessed in your state/province?'),
    (2, 2017, 7, 7, 'How many personal property parcels are maintained in your state/province?'),
    (2, 2017, 8, 8, 'What properties, if any, are centrally valued by the state/province?'),
    (2, 2017, 9, 9, 'Are chief officers in assessment appointed or elected in your state/province?'),
    (2, 2017, 10, 10, 'Is public school funding subsidized from sources other than local property taxes?')
;
    
INSERT INTO responses
    ([questionnaire_id], [jurisdiction_id], [year], [question_id], [responded_to])
VALUES
    (2, 1001, 2017, 1, 1),
    (2, 1002, 2017, 1, 1),
    (2, 1003, 2017, 1, 1),
    (2, 1004, 2017, 1, 1),
    (2, 1005, 2017, 1, 1),
    (2, 1006, 2017, 1, 1),
    (2, 1007, 2017, 1, 1),
    (2, 1008, 2017, 1, 1),
    (2, 1009, 2017, 1, 1),
    (2, 1010, 2017, 1, 1),
    (2, 1011, 2017, 1, 1),
    (2, 1012, 2017, 1, 1),
    (2, 1013, 2017, 1, 1),
    (2, 1001, 2017, 2, 1),
    (2, 1002, 2017, 2, 1),
    (2, 1003, 2017, 2, 1),
    (2, 1004, 2017, 2, 1),
    (2, 1005, 2017, 2, 1),
    (2, 1006, 2017, 2, 1),
    (2, 1007, 2017, 2, 1),
    (2, 1008, 2017, 2, 1),
    (2, 1009, 2017, 2, 1),
    (2, 1010, 2017, 2, 1),
    (2, 1011, 2017, 2, 1),
    (2, 1012, 2017, 2, 1),
    (2, 1013, 2017, 2, 1),
    (2, 1001, 2017, 3, 1),
    (2, 1002, 2017, 3, 1),
    (2, 1003, 2017, 3, 1),
    (2, 1004, 2017, 3, 1),
    (2, 1005, 2017, 3, 1),
    (2, 1006, 2017, 3, 1),
    (2, 1007, 2017, 3, 1),
    (2, 1008, 2017, 3, 0),
    (2, 1009, 2017, 3, 1),
    (2, 1010, 2017, 3, 1),
    (2, 1011, 2017, 3, 1),
    (2, 1012, 2017, 3, 1),
    (2, 1013, 2017, 3, 1),
    (2, 1001, 2017, 4, 1),
    (2, 1002, 2017, 4, 1),
    (2, 1003, 2017, 4, 0),
    (2, 1004, 2017, 4, 1),
    (2, 1005, 2017, 4, 1),
    (2, 1006, 2017, 4, 1),
    (2, 1007, 2017, 4, 1),
    (2, 1008, 2017, 4, 1),
    (2, 1009, 2017, 4, 1),
    (2, 1010, 2017, 4, 1),
    (2, 1011, 2017, 4, 1),
    (2, 1012, 2017, 4, 0),
    (2, 1013, 2017, 4, 1),
    (2, 1001, 2017, 5, 1),
    (2, 1002, 2017, 5, 1),
    (2, 1003, 2017, 5, 1),
    (2, 1004, 2017, 5, 1),
    (2, 1005, 2017, 5, 1),
    (2, 1006, 2017, 5, 1),
    (2, 1007, 2017, 5, 1),
    (2, 1008, 2017, 5, 1),
    (2, 1009, 2017, 5, 1),
    (2, 1010, 2017, 5, 1),
    (2, 1011, 2017, 5, 1),
    (2, 1012, 2017, 5, 1),
    (2, 1013, 2017, 5, 1),
    (2, 1001, 2017, 6, 1),
    (2, 1002, 2017, 6, 1),
    (2, 1003, 2017, 6, 1),
    (2, 1004, 2017, 6, 1),
    (2, 1005, 2017, 6, 1),
    (2, 1006, 2017, 6, 1),
    (2, 1007, 2017, 6, 1),
    (2, 1008, 2017, 6, 0),
    (2, 1009, 2017, 6, 1),
    (2, 1010, 2017, 6, 1),
    (2, 1011, 2017, 6, 1),
    (2, 1012, 2017, 6, 1),
    (2, 1013, 2017, 6, 0),
    (2, 1001, 2017, 7, 1),
    (2, 1002, 2017, 7, 1),
    (2, 1003, 2017, 7, 1),
    (2, 1004, 2017, 7, 1),
    (2, 1005, 2017, 7, 1),
    (2, 1006, 2017, 7, 1),
    (2, 1007, 2017, 7, 1),
    (2, 1008, 2017, 7, 1),
    (2, 1009, 2017, 7, 1),
    (2, 1010, 2017, 7, 1),
    (2, 1011, 2017, 7, 1),
    (2, 1012, 2017, 7, 1),
    (2, 1013, 2017, 7, 1),
    (2, 1001, 2017, 8, 1),
    (2, 1002, 2017, 8, 1),
    (2, 1003, 2017, 8, 1),
    (2, 1004, 2017, 8, 1),
    (2, 1005, 2017, 8, 1),
    (2, 1006, 2017, 8, 0),
    (2, 1007, 2017, 8, 1),
    (2, 1008, 2017, 8, 1),
    (2, 1009, 2017, 8, 1),
    (2, 1010, 2017, 8, 1),
    (2, 1011, 2017, 8, 1),
    (2, 1012, 2017, 8, 0),
    (2, 1013, 2017, 8, 1),
    (2, 1001, 2017, 9, 1),
    (2, 1002, 2017, 9, 1),
    (2, 1003, 2017, 9, 1),
    (2, 1004, 2017, 9, 1),
    (2, 1005, 2017, 9, 1),
    (2, 1006, 2017, 9, 1),
    (2, 1007, 2017, 9, 1),
    (2, 1008, 2017, 9, 1),
    (2, 1009, 2017, 9, 1),
    (2, 1010, 2017, 9, 1),
    (2, 1011, 2017, 9, 1),
    (2, 1012, 2017, 9, 1),
    (2, 1013, 2017, 9, 1),
    (2, 1001, 2017, 10, 1),
    (2, 1002, 2017, 10, 1),
    (2, 1003, 2017, 10, 1),
    (2, 1004, 2017, 10, 1),
    (2, 1005, 2017, 10, 1),
    (2, 1006, 2017, 10, 1),
    (2, 1007, 2017, 10, 0),
    (2, 1008, 2017, 10, 1),
    (2, 1009, 2017, 10, 1),
    (2, 1010, 2017, 10, 1),
    (2, 1011, 2017, 10, 1),
    (2, 1012, 2017, 10, 1),
    (2, 1013, 2017, 10, 1)
;

   
INSERT INTO responses_detail
    ([questionnaire_id], [jurisdiction_id], [year], [question_id], [sub_question_id], [response])
VALUES
    (2, 1001, 2017, 1, NULL, 'Department of Revenue Property Tax Division'),
    (2, 1002, 2017, 1, NULL, 'State of Alaska, Assessor'),
    (2, 1003, 2017, 1, NULL, 'Arizona Department of Revenue'),
    (2, 1004, 2017, 1, NULL, 'Arkansas Assessment Coordination Department (ACD)'),
    (2, 1005, 2017, 1, NULL, 'California State Board of Equalization'),
    (2, 1006, 2017, 1, NULL, 'Colorado Department of Local Affairs'),
    (2, 1007, 2017, 1, NULL, 'Connecticut Office of Policy and Management'),
    (2, 1008, 2017, 1, NULL, 'Sussex County'),
    (2, 1009, 2017, 1, NULL, 'Florida Department of Revenue'),
    (2, 1010, 2017, 1, NULL, 'GA Department of Revenue'),
    (2, 1011, 2017, 1, NULL, 'County of Maui'),
    (2, 1012, 2017, 1, NULL, 'County of Kauai'),
    (2, 1013, 2017, 1, NULL, 'Idaho State Tax Commission'),
    (2, 1001, 2017, 2, NULL, 'Director Lorem'),
    (2, 1002, 2017, 2, NULL, 'Director Ipsum'),
    (2, 1003, 2017, 2, NULL, 'Director FakeData'),
    (2, 1004, 2017, 2, NULL, 'Revenue Admin'),
    (2, 1005, 2017, 2, NULL, 'Administrator'),
    (2, 1006, 2017, 2, NULL, 'Head of Dept'),
    (2, 1007, 2017, 2, NULL, 'Chair of Dept'),
    (2, 1008, 2017, 2, NULL, 'Director Valorem'),
    (2, 1009, 2017, 2, NULL, 'Administrator II'),
    (2, 1010, 2017, 2, NULL, 'Administrator III'),
    (2, 1011, 2017, 2, NULL, 'Chair of Tax'),
    (2, 1012, 2017, 2, NULL, 'Head of Tax'),
    (2, 1013, 2017, 2, NULL, 'Director Lorem of Ipsum'),
    (2, 1001, 2017, 3, NULL, 'https://revenue.alabama.gov/property-tax/'),
    (2, 1002, 2017, 3, NULL, 'www.commerce.alaska.gov/web/dcra/officeofthestateassessor.aspx'),
    (2, 1003, 2017, 3, NULL, 'https://www.azdor.gov/'),
    (2, 1004, 2017, 3, NULL, 'http://www.arkansas.gov/acd/'),
    (2, 1005, 2017, 3, NULL, 'www.boe.ca.gov'),
    (2, 1006, 2017, 3, NULL, 'www.colorado.gov/dola/property-taxation'),
    (2, 1007, 2017, 3, NULL, 'http://www.ct.gov/opm'),
    (2, 1008, 2017, 3, NULL, 'sussexcountyde.gov'),
    (2, 1009, 2017, 3, NULL, 'http://floridarevenue.com/property/Pages/default.aspx'),
    (2, 1010, 2017, 3, NULL, 'etax.dor.ga.gov'),
    (2, 1011, 2017, 3, NULL, 'mauipropertytax.com  and a section in mauicounty.gov'),
    (2, 1012, 2017, 3, NULL, 'www.kauaipropertytax.com'),
    (2, 1013, 2017, 3, NULL, 'tax.idaho.gov'),
    (2, 1001, 2017, 4, '10001', NULL),
    (2, 1002, 2017, 4, '10001', 'Same'),
    (2, 1003, 2017, 4, '10001', 'Decreased'),
    (2, 1004, 2017, 4, '10001', 'Same'),
    (2, 1005, 2017, 4, '10001', 'Decreased'),
    (2, 1006, 2017, 4, '10001', 'Same'),
    (2, 1007, 2017, 4, '10001', 'Decreased'),
    (2, 1008, 2017, 4, '10001', 'Same'),
    (2, 1009, 2017, 4, '10001', 'Decreased'),
    (2, 1010, 2017, 4, '10001', 'Same'),
    (2, 1011, 2017, 4, '10001', 'Increased'),
    (2, 1012, 2017, 4, '10001', 'Same'),
    (2, 1013, 2017, 4, '10001', 'Increased'),
    (2, 1001, 2017, 4, '10002', NULL),
    (2, 1002, 2017, 4, '10002', '2'),
    (2, 1003, 2017, 4, '10002', '24'),
    (2, 1004, 2017, 4, '10002', '34'),
    (2, 1005, 2017, 4, '10002', '97'),
    (2, 1006, 2017, 4, '10002', '37'),
    (2, 1007, 2017, 4, '10002', '6'),
    (2, 1008, 2017, 4, '10002', '21'),
    (2, 1009, 2017, 4, '10002', '160'),
    (2, 1010, 2017, 4, '10002', NULL),
    (2, 1011, 2017, 4, '10002', '43'),
    (2, 1012, 2017, 4, '10002', '19'),
    (2, 1013, 2017, 4, '10002', '39'),
    (2, 1001, 2017, 5, '10003', 'Yes'),
    (2, 1002, 2017, 5, '10003', 'Yes'),
    (2, 1003, 2017, 5, '10003', 'Yes'),
    (2, 1004, 2017, 5, '10003', 'Not Applicable'),
    (2, 1005, 2017, 5, '10003', 'Yes'),
    (2, 1006, 2017, 5, '10003', 'Yes'),
    (2, 1007, 2017, 5, '10003', 'No'),
    (2, 1008, 2017, 5, '10003', 'Yes'),
    (2, 1009, 2017, 5, '10003', 'Yes'),
    (2, 1010, 2017, 5, '10003', 'Yes'),
    (2, 1011, 2017, 5, '10003', 'Yes'),
    (2, 1012, 2017, 5, '10003', 'Yes'),
    (2, 1013, 2017, 5, '10003', 'Yes'),
    (2, 1001, 2017, 5, '10004', 'Yes'),
    (2, 1002, 2017, 5, '10004', 'Yes'),
    (2, 1003, 2017, 5, '10004', 'Yes'),
    (2, 1004, 2017, 5, '10004', 'Yes'),
    (2, 1005, 2017, 5, '10004', 'Yes'),
    (2, 1006, 2017, 5, '10004', 'Yes'),
    (2, 1007, 2017, 5, '10004', 'Yes'),
    (2, 1008, 2017, 5, '10004', 'Yes'),
    (2, 1009, 2017, 5, '10004', 'Yes'),
    (2, 1010, 2017, 5, '10004', 'Yes'),
    (2, 1011, 2017, 5, '10004', 'Yes'),
    (2, 1012, 2017, 5, '10004', 'Not Applicable'),
    (2, 1013, 2017, 5, '10004', 'Yes'),
    (2, 1001, 2017, 5, '10005', 'Yes'),
    (2, 1002, 2017, 5, '10005', 'No'),
    (2, 1003, 2017, 5, '10005', 'Yes'),
    (2, 1004, 2017, 5, '10005', 'Yes'),
    (2, 1005, 2017, 5, '10005', 'Yes'),
    (2, 1006, 2017, 5, '10005', 'No'),
    (2, 1007, 2017, 5, '10005', 'Yes'),
    (2, 1008, 2017, 5, '10005', 'No'),
    (2, 1009, 2017, 5, '10005', 'Yes'),
    (2, 1010, 2017, 5, '10005', 'Yes'),
    (2, 1011, 2017, 5, '10005', 'Yes'),
    (2, 1012, 2017, 5, '10005', 'NA'),
    (2, 1013, 2017, 5, '10005', 'Yes'),
    (2, 1001, 2017, 5, '10006', 'NA'),
    (2, 1002, 2017, 5, '10006', 'Yes'),
    (2, 1003, 2017, 5, '10006', 'Yes'),
    (2, 1004, 2017, 5, '10006', 'Yes'),
    (2, 1005, 2017, 5, '10006', 'Yes'),
    (2, 1006, 2017, 5, '10006', 'Yes'),
    (2, 1007, 2017, 5, '10006', 'Yes'),
    (2, 1008, 2017, 5, '10006', 'No'),
    (2, 1009, 2017, 5, '10006', 'Yes'),
    (2, 1010, 2017, 5, '10006', 'Yes'),
    (2, 1011, 2017, 5, '10006', 'Yes'),
    (2, 1012, 2017, 5, '10006', 'Yes'),
    (2, 1013, 2017, 5, '10006', 'No'),
    (2, 1001, 2017, 5, '10007', 'Yes'),
    (2, 1002, 2017, 5, '10007', 'Yes'),
    (2, 1003, 2017, 5, '10007', 'Yes'),
    (2, 1004, 2017, 5, '10007', 'Yes'),
    (2, 1005, 2017, 5, '10007', 'Yes'),
    (2, 1006, 2017, 5, '10007', 'Yes'),
    (2, 1007, 2017, 5, '10007', 'Yes'),
    (2, 1008, 2017, 5, '10007', 'Not Applicable'),
    (2, 1009, 2017, 5, '10007', 'Yes'),
    (2, 1010, 2017, 5, '10007', 'Yes'),
    (2, 1011, 2017, 5, '10007', 'Yes'),
    (2, 1012, 2017, 5, '10007', 'Yes'),
    (2, 1013, 2017, 5, '10007', 'Yes'),
    (2, 1001, 2017, 5, '10008', 'NA'),
    (2, 1002, 2017, 5, '10008', 'Yes'),
    (2, 1003, 2017, 5, '10008', 'Yes'),
    (2, 1004, 2017, 5, '10008', 'Yes'),
    (2, 1005, 2017, 5, '10008', 'Yes'),
    (2, 1006, 2017, 5, '10008', 'Yes'),
    (2, 1007, 2017, 5, '10008', 'Yes'),
    (2, 1008, 2017, 5, '10008', 'Yes'),
    (2, 1009, 2017, 5, '10008', 'Yes'),
    (2, 1010, 2017, 5, '10008', 'Yes'),
    (2, 1011, 2017, 5, '10008', 'Yes'),
    (2, 1012, 2017, 5, '10008', 'Yes'),
    (2, 1013, 2017, 5, '10008', 'Yes'),
    (2, 1001, 2017, 5, '10009', 'Yes'),
    (2, 1002, 2017, 5, '10009', 'Yes'),
    (2, 1003, 2017, 5, '10009', 'No'),
    (2, 1004, 2017, 5, '10009', 'No'),
    (2, 1005, 2017, 5, '10009', 'Yes'),
    (2, 1006, 2017, 5, '10009', 'No'),
    (2, 1007, 2017, 5, '10009', 'No'),
    (2, 1008, 2017, 5, '10009', 'No'),
    (2, 1009, 2017, 5, '10009', 'No'),
    (2, 1010, 2017, 5, '10009', 'Yes'),
    (2, 1011, 2017, 5, '10009', 'NA'),
    (2, 1012, 2017, 5, '10009', 'No'),
    (2, 1013, 2017, 5, '10009', 'No'),
    (2, 1001, 2017, 5, '10010', 'NA'),
    (2, 1002, 2017, 5, '10010', 'Yes'),
    (2, 1003, 2017, 5, '10010', 'Yes'),
    (2, 1004, 2017, 5, '10010', 'No'),
    (2, 1005, 2017, 5, '10010', 'Yes'),
    (2, 1006, 2017, 5, '10010', 'Yes'),
    (2, 1007, 2017, 5, '10010', 'Yes'),
    (2, 1008, 2017, 5, '10010', 'No'),
    (2, 1009, 2017, 5, '10010', 'No'),
    (2, 1010, 2017, 5, '10010', 'Yes'),
    (2, 1011, 2017, 5, '10010', 'Yes'),
    (2, 1012, 2017, 5, '10010', 'No'),
    (2, 1013, 2017, 5, '10010', 'Yes'),
    (2, 1001, 2017, 5, '10011', 'Yes'),
    (2, 1002, 2017, 5, '10011', 'Yes'),
    (2, 1003, 2017, 5, '10011', 'Yes'),
    (2, 1004, 2017, 5, '10011', 'Yes'),
    (2, 1005, 2017, 5, '10011', 'Yes'),
    (2, 1006, 2017, 5, '10011', 'Yes'),
    (2, 1007, 2017, 5, '10011', 'Yes'),
    (2, 1008, 2017, 5, '10011', 'Yes'),
    (2, 1009, 2017, 5, '10011', 'No'),
    (2, 1010, 2017, 5, '10011', 'Yes'),
    (2, 1011, 2017, 5, '10011', 'NA'),
    (2, 1012, 2017, 5, '10011', 'No'),
    (2, 1013, 2017, 5, '10011', 'No'),
    (2, 1001, 2017, 5, '10012', 'No'),
    (2, 1002, 2017, 5, '10012', 'No'),
    (2, 1003, 2017, 5, '10012', 'No'),
    (2, 1004, 2017, 5, '10012', 'No'),
    (2, 1005, 2017, 5, '10012', 'No'),
    (2, 1006, 2017, 5, '10012', 'No'),
    (2, 1007, 2017, 5, '10012', 'No'),
    (2, 1008, 2017, 5, '10012', 'No'),
    (2, 1009, 2017, 5, '10012', 'Yes'),
    (2, 1010, 2017, 5, '10012', 'NA'),
    (2, 1011, 2017, 5, '10012', 'Yes'),
    (2, 1012, 2017, 5, '10012', 'Yes'),
    (2, 1013, 2017, 5, '10012', 'Yes'),
    (2, 1001, 2017, 5, '10013', 'NA'),
    (2, 1002, 2017, 5, '10013', 'No'),
    (2, 1003, 2017, 5, '10013', 'Yes'),
    (2, 1004, 2017, 5, '10013', 'Yes'),
    (2, 1005, 2017, 5, '10013', 'No'),
    (2, 1006, 2017, 5, '10013', 'Yes'),
    (2, 1007, 2017, 5, '10013', 'No'),
    (2, 1008, 2017, 5, '10013', 'No'),
    (2, 1009, 2017, 5, '10013', 'Yes'),
    (2, 1010, 2017, 5, '10013', 'NA'),
    (2, 1011, 2017, 5, '10013', 'Yes'),
    (2, 1012, 2017, 5, '10013', 'No'),
    (2, 1013, 2017, 5, '10013', 'Yes'),
    (2, 1001, 2017, 5, '10014', 'Yes'),
    (2, 1002, 2017, 5, '10014', 'No'),
    (2, 1003, 2017, 5, '10014', 'Yes'),
    (2, 1004, 2017, 5, '10014', 'No'),
    (2, 1005, 2017, 5, '10014', 'No'),
    (2, 1006, 2017, 5, '10014', 'No'),
    (2, 1007, 2017, 5, '10014', 'No'),
    (2, 1008, 2017, 5, '10014', 'No'),
    (2, 1009, 2017, 5, '10014', 'Not Applicable'),
    (2, 1010, 2017, 5, '10014', 'NA'),
    (2, 1011, 2017, 5, '10014', 'NA'),
    (2, 1012, 2017, 5, '10014', 'Not Applicable'),
    (2, 1013, 2017, 5, '10014', 'Yes'),
    (2, 1001, 2017, 5, '10015', 'No'),
    (2, 1002, 2017, 5, '10015', 'Yes'),
    (2, 1003, 2017, 5, '10015', 'No'),
    (2, 1004, 2017, 5, '10015', 'Yes'),
    (2, 1005, 2017, 5, '10015', 'Yes'),
    (2, 1006, 2017, 5, '10015', 'Yes'),
    (2, 1007, 2017, 5, '10015', 'Yes'),
    (2, 1008, 2017, 5, '10015', 'No'),
    (2, 1009, 2017, 5, '10015', 'Yes'),
    (2, 1010, 2017, 5, '10015', 'Yes'),
    (2, 1011, 2017, 5, '10015', 'NA'),
    (2, 1012, 2017, 5, '10015', 'Not Applicable'),
    (2, 1013, 2017, 5, '10015', 'Yes'),
    (2, 1001, 2017, 5, '10016', 'NA'),
    (2, 1002, 2017, 5, '10016', 'No'),
    (2, 1003, 2017, 5, '10016', 'No'),
    (2, 1004, 2017, 5, '10016', 'No'),
    (2, 1005, 2017, 5, '10016', 'No'),
    (2, 1006, 2017, 5, '10016', 'No'),
    (2, 1007, 2017, 5, '10016', 'No'),
    (2, 1008, 2017, 5, '10016', 'No'),
    (2, 1009, 2017, 5, '10016', 'No'),
    (2, 1010, 2017, 5, '10016', 'NA'),
    (2, 1011, 2017, 5, '10016', 'NA'),
    (2, 1012, 2017, 5, '10016', 'Yes'),
    (2, 1013, 2017, 5, '10016', 'No'),
    (2, 1001, 2017, 5, '10017', 'NA'),
    (2, 1002, 2017, 5, '10017', 'No'),
    (2, 1003, 2017, 5, '10017', 'Yes'),
    (2, 1004, 2017, 5, '10017', 'No'),
    (2, 1005, 2017, 5, '10017', 'Yes'),
    (2, 1006, 2017, 5, '10017', 'Yes'),
    (2, 1007, 2017, 5, '10017', 'No'),
    (2, 1008, 2017, 5, '10017', 'No'),
    (2, 1009, 2017, 5, '10017', 'Yes'),
    (2, 1010, 2017, 5, '10017', 'Yes'),
    (2, 1011, 2017, 5, '10017', 'NA'),
    (2, 1012, 2017, 5, '10017', 'NA'),
    (2, 1013, 2017, 5, '10017', 'Yes'),
    (2, 1001, 2017, 5, '10018', 'Yes'),
    (2, 1002, 2017, 5, '10018', 'Yes'),
    (2, 1003, 2017, 5, '10018', 'Yes'),
    (2, 1004, 2017, 5, '10018', 'Yes'),
    (2, 1005, 2017, 5, '10018', 'Yes'),
    (2, 1006, 2017, 5, '10018', 'Yes'),
    (2, 1007, 2017, 5, '10018', 'Yes'),
    (2, 1008, 2017, 5, '10018', 'No'),
    (2, 1009, 2017, 5, '10018', 'Yes'),
    (2, 1010, 2017, 5, '10018', 'Yes'),
    (2, 1011, 2017, 5, '10018', 'Yes'),
    (2, 1012, 2017, 5, '10018', 'Yes'),
    (2, 1013, 2017, 5, '10018', 'Yes'),
    (2, 1001, 2017, 6, NULL, '2832889'),
    (2, 1002, 2017, 6, NULL, '330200'),
    (2, 1003, 2017, 6, NULL, '3223734'),
    (2, 1004, 2017, 6, NULL, 'NA'),
    (2, 1005, 2017, 6, NULL, '12000000'),
    (2, 1006, 2017, 6, NULL, '2500000'),
    (2, 1007, 2017, 6, NULL, 'NA'),
    (2, 1008, 2017, 6, NULL, '536910'),
    (2, 1009, 2017, 6, NULL, '10256318'),
    (2, 1010, 2017, 6, NULL, 'NA'),
    (2, 1011, 2017, 6, NULL, '78000'),
    (2, 1012, 2017, 6, NULL, '34000'),
    (2, 1013, 2017, 6, NULL, '1010000'),
    (2, 1001, 2017, 7, NULL, '232759'),
    (2, 1002, 2017, 7, NULL, 'NA'),
    (2, 1003, 2017, 7, NULL, 'NA'),
    (2, 1004, 2017, 7, NULL, 'NA'),
    (2, 1005, 2017, 7, NULL, '1000000'),
    (2, 1006, 2017, 7, NULL, 'NA'),
    (2, 1007, 2017, 7, NULL, 'NA'),
    (2, 1008, 2017, 7, NULL, '0'),
    (2, 1009, 2017, 7, NULL, '1208612'),
    (2, 1010, 2017, 7, NULL, 'NA'),
    (2, 1011, 2017, 7, NULL, 'NA'),
    (2, 1012, 2017, 7, NULL, 'NA'),
    (2, 1013, 2017, 7, NULL, '6000'),
    (2, 1001, 2017, 8, '10019', 'NA'),
    (2, 1002, 2017, 8, '10019', 'Mix of Central and Local Assessment'),
    (2, 1003, 2017, 8, '10019', 'NA'),
    (2, 1004, 2017, 8, '10019', 'Both- Locally Assessed as Real & Personal Property'),
    (2, 1005, 2017, 8, '10019', 'NA'),
    (2, 1006, 2017, 8, '10019', 'NA'),
    (2, 1007, 2017, 8, '10019', 'Both- Locally Assessed as Real & Personal Property'),
    (2, 1008, 2017, 8, '10019', 'NA'),
    (2, 1009, 2017, 8, '10019', 'NA'),
    (2, 1010, 2017, 8, '10019', 'NA'),
    (2, 1011, 2017, 8, '10019', 'NA'),
    (2, 1012, 2017, 8, '10019', 'Locally Assessed as Real Property'),
    (2, 1013, 2017, 8, '10019', 'Mix of Central and Local Assessment'),
    (2, 1001, 2017, 8, '10020', 'NA'),
    (2, 1002, 2017, 8, '10020', 'Both- Locally Assessed as Real & Personal Property'),
    (2, 1003, 2017, 8, '10020', 'Centrally Assessed'),
    (2, 1004, 2017, 8, '10020', 'Centrally Assessed'),
    (2, 1005, 2017, 8, '10020', 'Locally Assessed as Personal Property'),
    (2, 1006, 2017, 8, '10020', 'Centrally Assessed'),
    (2, 1007, 2017, 8, '10020', 'Locally Assessed as Real Property'),
    (2, 1008, 2017, 8, '10020', 'Not Taxable'),
    (2, 1009, 2017, 8, '10020', 'Not Taxable'),
    (2, 1010, 2017, 8, '10020', 'Centrally Assessed'),
    (2, 1011, 2017, 8, '10020', 'NA'),
    (2, 1012, 2017, 8, '10020', 'Not Taxable'),
    (2, 1013, 2017, 8, '10020', 'Not Taxable'),
    (2, 1001, 2017, 8, '10021', 'Centrally Assessed'),
    (2, 1002, 2017, 8, '10021', 'Both- Locally Assessed as Real & Personal Property'),
    (2, 1003, 2017, 8, '10021', 'Centrally Assessed'),
    (2, 1004, 2017, 8, '10021', 'Centrally Assessed'),
    (2, 1005, 2017, 8, '10021', 'Centrally Assessed'),
    (2, 1006, 2017, 8, '10021', 'Centrally Assessed'),
    (2, 1007, 2017, 8, '10021', 'Locally Assessed as Real Property'),
    (2, 1008, 2017, 8, '10021', 'Locally Assessed as Real Property'),
    (2, 1009, 2017, 8, '10021', 'Mix of Central and Local Assessment'),
    (2, 1010, 2017, 8, '10021', 'Centrally Assessed'),
    (2, 1011, 2017, 8, '10021', 'NA'),
    (2, 1012, 2017, 8, '10021', 'Not Taxable'),
    (2, 1013, 2017, 8, '10021', 'Centrally Assessed'),
    (2, 1001, 2017, 8, '10022', 'Centrally Assessed'),
    (2, 1002, 2017, 8, '10022', 'Locally Assessed as Personal Property'),
    (2, 1003, 2017, 8, '10022', 'Centrally Assessed'),
    (2, 1004, 2017, 8, '10022', 'Mix of Central and Local Assessment'),
    (2, 1005, 2017, 8, '10022', 'Centrally Assessed'),
    (2, 1006, 2017, 8, '10022', 'Centrally Assessed'),
    (2, 1007, 2017, 8, '10022', 'Locally Assessed as Personal Property'),
    (2, 1008, 2017, 8, '10022', 'Not Taxable'),
    (2, 1009, 2017, 8, '10022', 'Centrally Assessed'),
    (2, 1010, 2017, 8, '10022', 'Centrally Assessed'),
    (2, 1011, 2017, 8, '10022', 'NA'),
    (2, 1012, 2017, 8, '10022', 'Not Taxable'),
    (2, 1013, 2017, 8, '10022', 'Centrally Assessed'),
    (2, 1001, 2017, 8, '10023', 'NA'),
    (2, 1002, 2017, 8, '10023', 'Both- Locally Assessed as Real & Personal Property'),
    (2, 1003, 2017, 8, '10023', 'Centrally Assessed'),
    (2, 1004, 2017, 8, '10023', 'Mix of Central and Local Assessment'),
    (2, 1005, 2017, 8, '10023', 'Centrally Assessed'),
    (2, 1006, 2017, 8, '10023', 'Centrally Assessed'),
    (2, 1007, 2017, 8, '10023', 'Locally Assessed as Real Property'),
    (2, 1008, 2017, 8, '10023', 'Locally Assessed as Real Property'),
    (2, 1009, 2017, 8, '10023', 'Both- Locally Assessed as Real & Personal Property'),
    (2, 1010, 2017, 8, '10023', 'Centrally Assessed'),
    (2, 1011, 2017, 8, '10023', 'NA'),
    (2, 1012, 2017, 8, '10023', 'Not Taxable'),
    (2, 1013, 2017, 8, '10023', 'Centrally Assessed'),
    (2, 1001, 2017, 8, '10024', 'NA'),
    (2, 1002, 2017, 8, '10024', 'Both- Locally assessed as Real & Personal Property'),
    (2, 1003, 2017, 8, '10024', 'Centrally Assessed'),
    (2, 1004, 2017, 8, '10024', 'Centrally Assessed'),
    (2, 1005, 2017, 8, '10024', 'Centrally Assessed'),
    (2, 1006, 2017, 8, '10024', 'Mix of Central and Local Assessment'),
    (2, 1007, 2017, 8, '10024', 'Locally Assessed as Personal Property'),
    (2, 1008, 2017, 8, '10024', 'Locally Assessed as Real Property'),
    (2, 1009, 2017, 8, '10024', 'Locally Assessed as Personal Property'),
    (2, 1010, 2017, 8, '10024', 'Centrally Assessed'),
    (2, 1011, 2017, 8, '10024', 'NA'),
    (2, 1012, 2017, 8, '10024', 'Not Taxable'),
    (2, 1013, 2017, 8, '10024', 'Centrally Assessed'),
    (2, 1001, 2017, 8, '10025', 'NA'),
    (2, 1002, 2017, 8, '10025', 'Both- Locally Assessed as Real & Personal Property'),
    (2, 1003, 2017, 8, '10025', 'Centrally Assessed'),
    (2, 1004, 2017, 8, '10025', 'Centrally Assessed'),
    (2, 1005, 2017, 8, '10025', 'Locally Assessed as Real Property'),
    (2, 1006, 2017, 8, '10025', 'Centrally Assessed'),
    (2, 1007, 2017, 8, '10025', 'Locally Assessed as Real Property'),
    (2, 1008, 2017, 8, '10025', 'Locally Assessed as Real Property'),
    (2, 1009, 2017, 8, '10025', 'Both- Locally Assessed as Real & Personal Property'),
    (2, 1010, 2017, 8, '10025', 'Not Taxable'),
    (2, 1011, 2017, 8, '10025', 'NA'),
    (2, 1012, 2017, 8, '10025', 'Not Taxable'),
    (2, 1013, 2017, 8, '10025', 'Centrally Assessed'),
    (2, 1001, 2017, 8, '10026', 'Centrally Assessed'),
    (2, 1002, 2017, 8, '10026', 'Not Taxable'),
    (2, 1003, 2017, 8, '10026', 'Centrally Assessed'),
    (2, 1004, 2017, 8, '10026', 'Centrally Assessed'),
    (2, 1005, 2017, 8, '10026', 'Centrally Assessed'),
    (2, 1006, 2017, 8, '10026', 'Centrally Assessed'),
    (2, 1007, 2017, 8, '10026', 'Locally Assessed as Real Property'),
    (2, 1008, 2017, 8, '10026', 'Locally Assessed as Real Property'),
    (2, 1009, 2017, 8, '10026', 'Both- Locally Assessed as Real & Personal Property'),
    (2, 1010, 2017, 8, '10026', 'Centrally Assessed'),
    (2, 1011, 2017, 8, '10026', 'NA'),
    (2, 1012, 2017, 8, '10026', 'Not Taxable'),
    (2, 1013, 2017, 8, '10026', 'Centrally Assessed'),
    (2, 1001, 2017, 8, '10027', 'NA'),
    (2, 1002, 2017, 8, '10027', 'Both- Locally Assessed as Real & Personal Property'),
    (2, 1003, 2017, 8, '10027', 'Locally Assessed as Real Property'),
    (2, 1004, 2017, 8, '10027', 'Both- Locally Assessed as Real & Personal Property'),
    (2, 1005, 2017, 8, '10027', 'Locally Assessed as Real Property'),
    (2, 1006, 2017, 8, '10027', 'Locally Assessed as Real Property'),
    (2, 1007, 2017, 8, '10027', 'Locally Assessed as Real Property'),
    (2, 1008, 2017, 8, '10027', 'Not Taxable'),
    (2, 1009, 2017, 8, '10027', 'Both- Locally Assessed as Real & Personal Property'),
    (2, 1010, 2017, 8, '10027', 'Both- Locally Assessed as Real & Personal Property'),
    (2, 1011, 2017, 8, '10027', 'NA'),
    (2, 1012, 2017, 8, '10027', 'Not Taxable'),
    (2, 1013, 2017, 8, '10027', 'NA'),
    (2, 1001, 2017, 8, '10028', 'NA'),
    (2, 1002, 2017, 8, '10028', 'Locally Assessed as Personal Property'),
    (2, 1003, 2017, 8, '10028', 'Not Taxable'),
    (2, 1004, 2017, 8, '10028', 'Mix of Central and Local Assessment'),
    (2, 1005, 2017, 8, '10028', 'Locally Assessed as Real Property'),
    (2, 1006, 2017, 8, '10028', 'Not Taxable'),
    (2, 1007, 2017, 8, '10028', 'Not Taxable'),
    (2, 1008, 2017, 8, '10028', 'Not Taxable'),
    (2, 1009, 2017, 8, '10028', 'Not Taxable'),
    (2, 1010, 2017, 8, '10028', 'Both- Locally Assessed as Real & Personal Property'),
    (2, 1011, 2017, 8, '10028', 'NA'),
    (2, 1012, 2017, 8, '10028', 'Not Taxable'),
    (2, 1013, 2017, 8, '10028', 'Not Taxable'),
    (2, 1001, 2017, 8, '10029', 'NA'),
    (2, 1002, 2017, 8, '10029', 'Mix of Central and Local Assessment'),
    (2, 1003, 2017, 8, '10029', 'Centrally Assessed'),
    (2, 1004, 2017, 8, '10029', 'Mix of Central and Local Assessment'),
    (2, 1005, 2017, 8, '10029', 'Centrally Assessed'),
    (2, 1006, 2017, 8, '10029', 'Centrally Assessed'),
    (2, 1007, 2017, 8, '10029', 'Locally Assessed as Personal Property'),
    (2, 1008, 2017, 8, '10029', 'Not Taxable'),
    (2, 1009, 2017, 8, '10029', 'Locally Assessed as Personal Property'),
    (2, 1010, 2017, 8, '10029', 'Centrally Assessed'),
    (2, 1011, 2017, 8, '10029', 'NA'),
    (2, 1012, 2017, 8, '10029', 'Not Taxable'),
    (2, 1013, 2017, 8, '10029', 'Centrally Assessed'),
    (2, 1001, 2017, 8, '10030', 'NA'),
    (2, 1002, 2017, 8, '10030', 'Both- Locally Assessed as Real & Personal Property'),
    (2, 1003, 2017, 8, '10030', 'Centrally Assessed'),
    (2, 1004, 2017, 8, '10030', 'Centrally Assessed'),
    (2, 1005, 2017, 8, '10030', 'Centrally Assessed'),
    (2, 1006, 2017, 8, '10030', 'Mix of Central and Local Assessment'),
    (2, 1007, 2017, 8, '10030', 'Locally Assessed as Real Property'),
    (2, 1008, 2017, 8, '10030', 'Locally Assessed as Real Property'),
    (2, 1009, 2017, 8, '10030', 'Both- Locally Assessed as Real & Personal Property'),
    (2, 1010, 2017, 8, '10030', 'Centrally Assessed'),
    (2, 1011, 2017, 8, '10030', 'NA'),
    (2, 1012, 2017, 8, '10030', 'Not Taxable'),
    (2, 1013, 2017, 8, '10030', 'Centrally Assessed'),
    (2, 1001, 2017, 8, '10031', 'NA'),
    (2, 1002, 2017, 8, '10031', 'Both- Locally Assessed as Real & Personal Property'),
    (2, 1003, 2017, 8, '10031', 'Centrally Assessed'),
    (2, 1004, 2017, 8, '10031', 'Locally Assessed as Real Property'),
    (2, 1005, 2017, 8, '10031', 'Mix of Central and Local Assessment'),
    (2, 1006, 2017, 8, '10031', 'Locally Assessed as Personal Property'),
    (2, 1007, 2017, 8, '10031', 'Mix of Central and Local Assessment'),
    (2, 1008, 2017, 8, '10031', 'Locally Assessed as Real Property'),
    (2, 1009, 2017, 8, '10031', 'Locally Assessed as Personal Property'),
    (2, 1010, 2017, 8, '10031', 'Centrally Assessed'),
    (2, 1011, 2017, 8, '10031', 'NA'),
    (2, 1012, 2017, 8, '10031', 'Not Taxable'),
    (2, 1013, 2017, 8, '10031', 'Mix of Central and Local Assessment'),
    (2, 1001, 2017, 8, '10032', 'NA'),
    (2, 1002, 2017, 8, '10032', 'Both- Locally Assessed as Real & Personal Property'),
    (2, 1003, 2017, 8, '10032', 'Centrally Assessed'),
    (2, 1004, 2017, 8, '10032', 'Centrally Assessed'),
    (2, 1005, 2017, 8, '10032', 'Locally Assessed as Real Property'),
    (2, 1006, 2017, 8, '10032', 'Locally Assessed as Real Property'),
    (2, 1007, 2017, 8, '10032', 'Locally Assessed as Real Property'),
    (2, 1008, 2017, 8, '10032', 'Not Taxable'),
    (2, 1009, 2017, 8, '10032', 'Both- Locally Assessed as Real & Personal Property'),
    (2, 1010, 2017, 8, '10032', 'Locally Assessed as Real Property'),
    (2, 1011, 2017, 8, '10032', 'NA'),
    (2, 1012, 2017, 8, '10032', 'Not Taxable'),
    (2, 1013, 2017, 8, '10032', 'Both- Locally Assessed as Real & Personal Property'),
    (2, 1001, 2017, 8, '10033', 'NA'),
    (2, 1002, 2017, 8, '10033', 'Not Taxable'),
    (2, 1003, 2017, 8, '10033', 'Centrally Assessed'),
    (2, 1004, 2017, 8, '10033', 'Mix of Central and Local Assessment'),
    (2, 1005, 2017, 8, '10033', 'Locally Assessed as Real Property'),
    (2, 1006, 2017, 8, '10033', 'Locally Assessed as Real Property'),
    (2, 1007, 2017, 8, '10033', 'Not Taxable'),
    (2, 1008, 2017, 8, '10033', 'Not Taxable'),
    (2, 1009, 2017, 8, '10033', 'Locally Assessed as Real Property'),
    (2, 1010, 2017, 8, '10033', 'Locally Assessed as Real Property'),
    (2, 1011, 2017, 8, '10033', 'NA'),
    (2, 1012, 2017, 8, '10033', 'Not Taxable'),
    (2, 1013, 2017, 8, '10033', 'Not Taxable'),
    (2, 1001, 2017, 8, '10034', 'NA'),
    (2, 1002, 2017, 8, '10034', 'Not Taxable'),
    (2, 1003, 2017, 8, '10034', 'Locally Assessed as Real Property'),
    (2, 1004, 2017, 8, '10034', 'Not Taxable'),
    (2, 1005, 2017, 8, '10034', 'Locally Assessed as Real Property'),
    (2, 1006, 2017, 8, '10034', 'NA'),
    (2, 1007, 2017, 8, '10034', 'Not Taxable'),
    (2, 1008, 2017, 8, '10034', 'Not Taxable'),
    (2, 1009, 2017, 8, '10034', 'Not Taxable'),
    (2, 1010, 2017, 8, '10034', 'Not Taxable'),
    (2, 1011, 2017, 8, '10034', 'NA'),
    (2, 1012, 2017, 8, '10034', 'Not Taxable'),
    (2, 1013, 2017, 8, '10034', 'NA'),
    (2, 1001, 2017, 8, '10035', 'NA'),
    (2, 1002, 2017, 8, '10035', 'Locally Assessed as Real Property'),
    (2, 1003, 2017, 8, '10035', 'Locally Assessed as Personal Property'),
    (2, 1004, 2017, 8, '10035', 'Not Taxable'),
    (2, 1005, 2017, 8, '10035', 'Locally Assessed as Real Property'),
    (2, 1006, 2017, 8, '10035', 'Locally Assessed as Personal Property'),
    (2, 1007, 2017, 8, '10035', 'Locally Assessed as Personal Property'),
    (2, 1008, 2017, 8, '10035', 'Not Taxable'),
    (2, 1009, 2017, 8, '10035', 'Locally Assessed as Personal Property'),
    (2, 1010, 2017, 8, '10035', 'Not Taxable'),
    (2, 1011, 2017, 8, '10035', 'NA'),
    (2, 1012, 2017, 8, '10035', 'Not Taxable'),
    (2, 1013, 2017, 8, '10035', 'Not Taxable'),
    (2, 1001, 2017, 8, '10036', 'NA'),
    (2, 1002, 2017, 8, '10036', 'Locally Assessed as Real Property'),
    (2, 1003, 2017, 8, '10036', 'Locally Assessed as Real Property'),
    (2, 1004, 2017, 8, '10036', 'Locally Assessed as Real Property'),
    (2, 1005, 2017, 8, '10036', 'Locally Assessed as Real Property'),
    (2, 1006, 2017, 8, '10036', 'Locally Assessed as Real Property'),
    (2, 1007, 2017, 8, '10036', 'Locally Assessed as Real Property'),
    (2, 1008, 2017, 8, '10036', 'Locally Assessed as Real Property'),
    (2, 1009, 2017, 8, '10036', 'Locally Assessed as Real Property'),
    (2, 1010, 2017, 8, '10036', 'Locally Assessed as Real Property'),
    (2, 1011, 2017, 8, '10036', 'Locally Assessed as Real Property'),
    (2, 1012, 2017, 8, '10036', 'Locally Assessed as Real Property'),
    (2, 1013, 2017, 8, '10036', 'Locally Assessed as Real Property'),
    (2, 1001, 2017, 8, '10037', 'NA'),
    (2, 1002, 2017, 8, '10037', 'Locally Assessed as Personal Property'),
    (2, 1003, 2017, 8, '10037', 'Locally Assessed as Personal Property'),
    (2, 1004, 2017, 8, '10037', 'Locally Assessed as Personal Property'),
    (2, 1005, 2017, 8, '10037', 'Locally Assessed as Real Property'),
    (2, 1006, 2017, 8, '10037', 'Not Taxable'),
    (2, 1007, 2017, 8, '10037', 'Locally Assessed as Personal Property'),
    (2, 1008, 2017, 8, '10037', 'Not Taxable'),
    (2, 1009, 2017, 8, '10037', 'Not Taxable'),
    (2, 1010, 2017, 8, '10037', 'Locally Assessed as Personal Property'),
    (2, 1011, 2017, 8, '10037', 'NA'),
    (2, 1012, 2017, 8, '10037', 'Not Taxable'),
    (2, 1013, 2017, 8, '10037', 'Not Taxable'),
    (2, 1001, 2017, 8, '10038', 'NA'),
    (2, 1002, 2017, 8, '10038', 'Both- Locally Assessed as Real & Personal Property'),
    (2, 1003, 2017, 8, '10038', 'Centrally Assessed'),
    (2, 1004, 2017, 8, '10038', 'Mix of Central and Local Assessment'),
    (2, 1005, 2017, 8, '10038', 'Locally Assessed as Real Property'),
    (2, 1006, 2017, 8, '10038', 'Mix of Central and Local Assessment'),
    (2, 1007, 2017, 8, '10038', 'Locally Assessed as Real Property'),
    (2, 1008, 2017, 8, '10038', 'Not Taxable'),
    (2, 1009, 2017, 8, '10038', 'Not Taxable'),
    (2, 1010, 2017, 8, '10038', 'NA'),
    (2, 1011, 2017, 8, '10038', 'Locally Assessed as Real Property'),
    (2, 1012, 2017, 8, '10038', 'Locally Assessed as Real Property'),
    (2, 1013, 2017, 8, '10038', 'Centrally Assessed'),
    (2, 1001, 2017, 9, '10039', 'All Elected'),
    (2, 1002, 2017, 9, '10039', 'All Appointed'),
    (2, 1003, 2017, 9, '10039', 'All Elected'),
    (2, 1004, 2017, 9, '10039', 'Majority Elected, Some Appointed'),
    (2, 1005, 2017, 9, '10039', 'All Elected'),
    (2, 1006, 2017, 9, '10039', 'Majority Elected, Some Appointed'),
    (2, 1007, 2017, 9, '10039', 'All Appointed'),
    (2, 1008, 2017, 9, '10039', 'All Appointed'),
    (2, 1009, 2017, 9, '10039', 'All Elected'),
    (2, 1010, 2017, 9, '10039', 'All Appointed'),
    (2, 1011, 2017, 9, '10039', 'NA'),
    (2, 1012, 2017, 9, '10039', 'NA'),
    (2, 1013, 2017, 9, '10039', 'All Elected'),
    (2, 1001, 2017, 9, '10040', '6 years'),
    (2, 1002, 2017, 9, '10040', 'NA'),
    (2, 1003, 2017, 9, '10040', '4 years'),
    (2, 1004, 2017, 9, '10040', '4 years'),
    (2, 1005, 2017, 9, '10040', '4 years'),
    (2, 1006, 2017, 9, '10040', '4 years'),
    (2, 1007, 2017, 9, '10040', 'Not Applicable'),
    (2, 1008, 2017, 9, '10040', 'Not Applicable'),
    (2, 1009, 2017, 9, '10040', '4 years'),
    (2, 1010, 2017, 9, '10040', 'Not Applicable'),
    (2, 1011, 2017, 9, '10040', 'Not Applicable'),
    (2, 1012, 2017, 9, '10040', 'Not Applicable'),
    (2, 1013, 2017, 9, '10040', 'Not Applicable'),
    (2, 1001, 2017, 10, '10041', 'NA'),
    (2, 1002, 2017, 10, '10041', 'NA'),
    (2, 1003, 2017, 10, '10041', 'Yes'),
    (2, 1004, 2017, 10, '10041', 'NA'),
    (2, 1005, 2017, 10, '10041', 'Yes'),
    (2, 1006, 2017, 10, '10041', 'Yes'),
    (2, 1007, 2017, 10, '10041', 'Yes'),
    (2, 1008, 2017, 10, '10041', 'Yes'),
    (2, 1009, 2017, 10, '10041', 'Yes'),
    (2, 1010, 2017, 10, '10041', 'Yes'),
    (2, 1011, 2017, 10, '10041', 'Yes'),
    (2, 1012, 2017, 10, '10041', 'Yes'),
    (2, 1013, 2017, 10, '10041', 'Yes'),
    (2, 1001, 2017, 10, '10042', 'NA'),
    (2, 1002, 2017, 10, '10042', 'NA'),
    (2, 1003, 2017, 10, '10042', 'Yes'),
    (2, 1004, 2017, 10, '10042', 'NA'),
    (2, 1005, 2017, 10, '10042', 'Yes'),
    (2, 1006, 2017, 10, '10042', 'Yes'),
    (2, 1007, 2017, 10, '10042', 'NA'),
    (2, 1008, 2017, 10, '10042', 'NA'),
    (2, 1009, 2017, 10, '10042', 'Yes'),
    (2, 1010, 2017, 10, '10042', 'Yes'),
    (2, 1011, 2017, 10, '10042', 'NA'),
    (2, 1012, 2017, 10, '10042', 'Yes'),
    (2, 1013, 2017, 10, '10042', 'Yes'),
    (2, 1001, 2017, 10, '10043', 'NA'),
    (2, 1002, 2017, 10, '10043', 'NA'),
    (2, 1003, 2017, 10, '10043', 'NA'),
    (2, 1004, 2017, 10, '10043', 'NA'),
    (2, 1005, 2017, 10, '10043', 'NA'),
    (2, 1006, 2017, 10, '10043', 'Yes'),
    (2, 1007, 2017, 10, '10043', 'NA'),
    (2, 1008, 2017, 10, '10043', 'NA'),
    (2, 1009, 2017, 10, '10043', 'Yes'),
    (2, 1010, 2017, 10, '10043', 'Yes'),
    (2, 1011, 2017, 10, '10043', 'NA'),
    (2, 1012, 2017, 10, '10043', 'NA'),
    (2, 1013, 2017, 10, '10043', 'NA'),
    (2, 1001, 2017, 10, '10044', 'NA'),
    (2, 1002, 2017, 10, '10044', 'NA'),
    (2, 1003, 2017, 10, '10044', 'NA'),
    (2, 1004, 2017, 10, '10044', 'NA'),
    (2, 1005, 2017, 10, '10044', 'Yes'),
    (2, 1006, 2017, 10, '10044', 'NA'),
    (2, 1007, 2017, 10, '10044', 'Yes'),
    (2, 1008, 2017, 10, '10044', 'Yes'),
    (2, 1009, 2017, 10, '10044', 'Yes'),
    (2, 1010, 2017, 10, '10044', 'Yes'),
    (2, 1011, 2017, 10, '10044', 'NA'),
    (2, 1012, 2017, 10, '10044', 'NA'),
    (2, 1013, 2017, 10, '10044', 'Yes'),
    (2, 1001, 2017, 10, '10045', 'NA'),
    (2, 1002, 2017, 10, '10045', 'NA'),
    (2, 1003, 2017, 10, '10045', 'Yes'),
    (2, 1004, 2017, 10, '10045', 'NA'),
    (2, 1005, 2017, 10, '10045', 'Yes'),
    (2, 1006, 2017, 10, '10045', 'Yes'),
    (2, 1007, 2017, 10, '10045', 'Yes'),
    (2, 1008, 2017, 10, '10045', 'Yes'),
    (2, 1009, 2017, 10, '10045', 'Yes'),
    (2, 1010, 2017, 10, '10045', 'Yes'),
    (2, 1011, 2017, 10, '10045', 'NA'),
    (2, 1012, 2017, 10, '10045', 'NA'),
    (2, 1013, 2017, 10, '10045', 'Yes'),
    (2, 1001, 2017, 10, '10046', 'NA'),
    (2, 1002, 2017, 10, '10046', 'NA'),
    (2, 1003, 2017, 10, '10046', 'NA'),
    (2, 1004, 2017, 10, '10046', 'NA'),
    (2, 1005, 2017, 10, '10046', 'NA'),
    (2, 1006, 2017, 10, '10046', 'NA'),
    (2, 1007, 2017, 10, '10046', 'NA'),
    (2, 1008, 2017, 10, '10046', 'NA'),
    (2, 1009, 2017, 10, '10046', 'Yes'),
    (2, 1010, 2017, 10, '10046', 'NA'),
    (2, 1011, 2017, 10, '10046', 'NA'),
    (2, 1012, 2017, 10, '10046', 'NA'),
    (2, 1013, 2017, 10, '10046', 'NA'),
    (2, 1001, 2017, 10, '10047', 'NA'),
    (2, 1002, 2017, 10, '10047', 'NA'),
    (2, 1003, 2017, 10, '10047', 'Yes'),
    (2, 1004, 2017, 10, '10047', 'NA'),
    (2, 1005, 2017, 10, '10047', 'NA'),
    (2, 1006, 2017, 10, '10047', 'NA'),
    (2, 1007, 2017, 10, '10047', 'NA'),
    (2, 1008, 2017, 10, '10047', 'NA'),
    (2, 1009, 2017, 10, '10047', 'Yes'),
    (2, 1010, 2017, 10, '10047', 'NA'),
    (2, 1011, 2017, 10, '10047', 'NA'),
    (2, 1012, 2017, 10, '10047', 'NA'),
    (2, 1013, 2017, 10, '10047', 'NA'),
    (2, 1001, 2017, 10, '10048', 'NA'),
    (2, 1002, 2017, 10, '10048', 'NA'),
    (2, 1003, 2017, 10, '10048', 'NA'),
    (2, 1004, 2017, 10, '10048', 'NA'),
    (2, 1005, 2017, 10, '10048', 'Yes'),
    (2, 1006, 2017, 10, '10048', 'NA'),
    (2, 1007, 2017, 10, '10048', 'NA'),
    (2, 1008, 2017, 10, '10048', 'NA'),
    (2, 1009, 2017, 10, '10048', 'NA'),
    (2, 1010, 2017, 10, '10048', 'NA'),
    (2, 1011, 2017, 10, '10048', 'NA'),
    (2, 1012, 2017, 10, '10048', 'NA'),
    (2, 1013, 2017, 10, '10048', 'Yes'),
    (2, 1001, 2017, 10, '10049', 'NA'),
    (2, 1002, 2017, 10, '10049', 'NA'),
    (2, 1003, 2017, 10, '10049', 'NA'),
    (2, 1004, 2017, 10, '10049', 'NA'),
    (2, 1005, 2017, 10, '10049', 'NA'),
    (2, 1006, 2017, 10, '10049', 'NA'),
    (2, 1007, 2017, 10, '10049', 'NA'),
    (2, 1008, 2017, 10, '10049', 'NA'),
    (2, 1009, 2017, 10, '10049', 'NA'),
    (2, 1010, 2017, 10, '10049', 'NA'),
    (2, 1011, 2017, 10, '10049', 'NA'),
    (2, 1012, 2017, 10, '10049', 'NA'),
    (2, 1013, 2017, 10, '10049', 'NA'),
    (2, 1001, 2017, 10, '10050', 'NA'),
    (2, 1002, 2017, 10, '10050', 'NA'),
    (2, 1003, 2017, 10, '10050', 'Yes'),
    (2, 1004, 2017, 10, '10050', 'NA'),
    (2, 1005, 2017, 10, '10050', 'NA'),
    (2, 1006, 2017, 10, '10050', 'NA'),
    (2, 1007, 2017, 10, '10050', 'NA'),
    (2, 1008, 2017, 10, '10050', 'Yes'),
    (2, 1009, 2017, 10, '10050', 'NA'),
    (2, 1010, 2017, 10, '10050', 'NA'),
    (2, 1011, 2017, 10, '10050', 'NA'),
    (2, 1012, 2017, 10, '10050', 'NA'),
    (2, 1013, 2017, 10, '10050', 'NA')
;

INSERT INTO sub_questions
    ([questionnaire_id], [year], [question_id], [sub_question_id], [sub_question])
VALUES
    (2, 2017, 4, 10001, 'Size Status'),
    (2, 2017, 4, 10002, 'Number of staff members in the office'),
    (2, 2017, 5, 10003, 'Standards for assessment practice, mapping, etc.'),
    (2, 2017, 5, 10004, 'Education'),
    (2, 2017, 5, 10005, 'Credentialing'),
    (2, 2017, 5, 10006, 'Providing reference materials'),
    (2, 2017, 5, 10007, 'Technical Assistance'),
    (2, 2017, 5, 10008, 'Rule making'),
    (2, 2017, 5, 10009, 'Legal Advice'),
    (2, 2017, 5, 10010, 'Conduct Equalization studies'),
    (2, 2017, 5, 10011, 'Performance Audits as Required By Law'),
    (2, 2017, 5, 10012, 'Performance Audits By Request Only'),
    (2, 2017, 5, 10013, 'Have Authority to Compel Reassessments'),
    (2, 2017, 5, 10014, 'Have Authority for Direct Equalization'),
    (2, 2017, 5, 10015, 'Have Authority for Indirect Equalization'),
    (2, 2017, 5, 10016, 'Conduct Statewide assessment for Locally Assessed property'),
    (2, 2017, 5, 10017, 'Conduct Statewide for Centrally Assessed Property'),
    (2, 2017, 5, 10018, 'Conduct Ratio Studies'),
    (2, 2017, 8, 10019, 'All Are Assessed'),
    (2, 2017, 8, 10020, 'Commercial Airlines'),
    (2, 2017, 8, 10021, 'Railways'),
    (2, 2017, 8, 10022, 'Railroad Cars or Private Rail Cars'),
    (2, 2017, 8, 10023, 'Gas Utilities'),
    (2, 2017, 8, 10024, 'Natural Gas Pipeline'),
    (2, 2017, 8, 10025, 'Water Utilities'),
    (2, 2017, 8, 10026, 'Electric Utilities or Electric Cooperatives'),
    (2, 2017, 8, 10027, 'Oil Refineries'),
    (2, 2017, 8, 10028, 'Oil Inventory'),
    (2, 2017, 8, 10029, 'Oil Pipelines'),
    (2, 2017, 8, 10030, 'Telecommunication Companies or Cooperatives'),
    (2, 2017, 8, 10031, 'Telecommunications Equipment'),
    (2, 2017, 8, 10032, 'Mines'),
    (2, 2017, 8, 10033, 'Mineral Reserves'),
    (2, 2017, 8, 10034, 'Toll Bridges'),
    (2, 2017, 8, 10035, 'Air Pollution Controls'),
    (2, 2017, 8, 10036, 'Farm Land'),
    (2, 2017, 8, 10037, 'Farm Equipment'),
    (2, 2017, 8, 10038, 'Green Energy Producing Property'),
    (2, 2017, 9, 10039, 'Appointed or Elected'),
    (2, 2017, 9, 10040, 'If elected, what is the usual term of office?'),
    (2, 2017, 10, 10041, 'State/Provincial Income Tax'),
    (2, 2017, 10, 10042, 'State/Provincial Sales Tax'),
    (2, 2017, 10, 10043, 'Motor Vehicle Tax'),
    (2, 2017, 10, 10044, 'State/Provincial Lottery Revenue'),
    (2, 2017, 10, 10045, 'Federal Funding'),
    (2, 2017, 10, 10046, 'Amusement, Tobacco, Alcohol, Utility, Gasoline, or Mineral Taxes'),
    (2, 2017, 10, 10047, 'Casino Tax Revenue'),
    (2, 2017, 10, 10048, 'Private funding, Education Foundations'),
    (2, 2017, 10, 10049, 'Private Company Contributions'),
    (2, 2017, 10, 10050, 'Local, non-property taxes')
;
